{ "_id" : { "$oid" : "541964dd45ef7f7e75f91513" }, "gmtCreated" : { "$date" : "2014-09-17T18:39:25.112+0800" }, "gmtUpdated" : { "$date" : "2014-09-17T18:39:25.112+0800" }, "deleted" : false, "company" : { "$oid" : "541964dc45ef7f7e75f914e2" }, "createdBy" : { "$oid" : "541964dc45ef7f7e75f914e0" }, "gmtDeleted" : { "$date" : "2014-09-17T18:39:25.111+0800" }, "isDeleted" : false, "currentBalance" : 0, "initialBalance" : 0, "name" : "ROOT_ACCOUNT", "__v" : 0 }
{ "_id" : { "$oid" : "541964dd45ef7f7e75f91515" }, "gmtCreated" : { "$date" : "2014-09-17T18:39:25.119+0800" }, "gmtUpdated" : { "$date" : "2014-09-17T18:39:41.157+0800" }, "deleted" : false, "parentId" : { "$oid" : "541964dd45ef7f7e75f91513" }, "company" : { "$oid" : "541964dc45ef7f7e75f914e2" }, "createdBy" : { "$oid" : "541964dc45ef7f7e75f914e0" }, "gmtDeleted" : { "$date" : "2014-09-17T18:39:25.115+0800" }, "isDeleted" : false, "currentBalance" : 2, "initialBalance" : 2, "name" : "现金账户", "__v" : 0 }
{ "_id" : { "$oid" : "541964dd45ef7f7e75f91516" }, "gmtCreated" : { "$date" : "2014-09-17T18:39:25.120+0800" }, "gmtUpdated" : { "$date" : "2014-09-17T18:39:25.120+0800" }, "deleted" : false, "parentId" : { "$oid" : "541964dd45ef7f7e75f91513" }, "company" : { "$oid" : "541964dc45ef7f7e75f914e2" }, "createdBy" : { "$oid" : "541964dc45ef7f7e75f914e0" }, "gmtDeleted" : { "$date" : "2014-09-17T18:39:25.115+0800" }, "isDeleted" : false, "currentBalance" : 0, "initialBalance" : 0, "name" : "银行账户", "__v" : 0 }
{ "_id" : { "$oid" : "541964dd45ef7f7e75f91517" }, "gmtCreated" : { "$date" : "2014-09-17T18:39:25.122+0800" }, "gmtUpdated" : { "$date" : "2014-09-17T18:39:25.122+0800" }, "deleted" : false, "parentId" : { "$oid" : "541964dd45ef7f7e75f91513" }, "company" : { "$oid" : "541964dc45ef7f7e75f914e2" }, "createdBy" : { "$oid" : "541964dc45ef7f7e75f914e0" }, "gmtDeleted" : { "$date" : "2014-09-17T18:39:25.115+0800" }, "isDeleted" : false, "currentBalance" : 0, "initialBalance" : 0, "name" : "网络账户", "__v" : 0 }
{ "_id" : { "$oid" : "541964dd45ef7f7e75f9151a" }, "gmtCreated" : { "$date" : "2014-09-17T18:39:25.134+0800" }, "gmtUpdated" : { "$date" : "2014-09-17T18:39:25.134+0800" }, "deleted" : false, "parentId" : { "$oid" : "541964dd45ef7f7e75f91516" }, "company" : { "$oid" : "541964dc45ef7f7e75f914e2" }, "createdBy" : { "$oid" : "541964dc45ef7f7e75f914e0" }, "gmtDeleted" : { "$date" : "2014-09-17T18:39:25.123+0800" }, "isDeleted" : false, "currentBalance" : 0, "initialBalance" : 0, "name" : "招商银行", "__v" : 0 }
{ "_id" : { "$oid" : "541964dd45ef7f7e75f9151b" }, "gmtCreated" : { "$date" : "2014-09-17T18:39:25.140+0800" }, "gmtUpdated" : { "$date" : "2014-09-17T18:39:25.140+0800" }, "deleted" : false, "parentId" : { "$oid" : "541964dd45ef7f7e75f91516" }, "company" : { "$oid" : "541964dc45ef7f7e75f914e2" }, "createdBy" : { "$oid" : "541964dc45ef7f7e75f914e0" }, "gmtDeleted" : { "$date" : "2014-09-17T18:39:25.124+0800" }, "isDeleted" : false, "currentBalance" : 0, "initialBalance" : 0, "name" : "工商银行", "__v" : 0 }
{ "_id" : { "$oid" : "541964dd45ef7f7e75f9151c" }, "gmtCreated" : { "$date" : "2014-09-17T18:39:25.133+0800" }, "gmtUpdated" : { "$date" : "2014-09-17T18:39:25.133+0800" }, "deleted" : false, "parentId" : { "$oid" : "541964dd45ef7f7e75f91516" }, "company" : { "$oid" : "541964dc45ef7f7e75f914e2" }, "createdBy" : { "$oid" : "541964dc45ef7f7e75f914e0" }, "gmtDeleted" : { "$date" : "2014-09-17T18:39:25.124+0800" }, "isDeleted" : false, "currentBalance" : 0, "initialBalance" : 0, "name" : "建设银行", "__v" : 0 }
{ "_id" : { "$oid" : "541964dd45ef7f7e75f9151d" }, "gmtCreated" : { "$date" : "2014-09-17T18:39:25.142+0800" }, "gmtUpdated" : { "$date" : "2014-09-17T18:39:41.153+0800" }, "deleted" : false, "parentId" : { "$oid" : "541964dd45ef7f7e75f91516" }, "company" : { "$oid" : "541964dc45ef7f7e75f914e2" }, "createdBy" : { "$oid" : "541964dc45ef7f7e75f914e0" }, "gmtDeleted" : { "$date" : "2014-09-17T18:39:25.124+0800" }, "isDeleted" : false, "currentBalance" : 1, "initialBalance" : 1, "name" : "中国银行", "__v" : 0 }
{ "_id" : { "$oid" : "541964dd45ef7f7e75f9151f" }, "gmtCreated" : { "$date" : "2014-09-17T18:39:25.143+0800" }, "gmtUpdated" : { "$date" : "2014-09-17T18:39:25.143+0800" }, "deleted" : false, "parentId" : { "$oid" : "541964dd45ef7f7e75f91517" }, "company" : { "$oid" : "541964dc45ef7f7e75f914e2" }, "createdBy" : { "$oid" : "541964dc45ef7f7e75f914e0" }, "gmtDeleted" : { "$date" : "2014-09-17T18:39:25.128+0800" }, "isDeleted" : false, "currentBalance" : 0, "initialBalance" : 0, "name" : "支付宝", "__v" : 0 }
{ "_id" : { "$oid" : "541964dd45ef7f7e75f91520" }, "gmtCreated" : { "$date" : "2014-09-17T18:39:25.136+0800" }, "gmtUpdated" : { "$date" : "2014-09-17T18:39:41.159+0800" }, "deleted" : false, "parentId" : { "$oid" : "541964dd45ef7f7e75f91517" }, "company" : { "$oid" : "541964dc45ef7f7e75f914e2" }, "createdBy" : { "$oid" : "541964dc45ef7f7e75f914e0" }, "gmtDeleted" : { "$date" : "2014-09-17T18:39:25.129+0800" }, "isDeleted" : false, "currentBalance" : 3, "initialBalance" : 3, "name" : "财付通", "__v" : 0 }
{ "_id" : { "$oid" : "541e7a1ff2189a66037012cb" }, "gmtCreated" : { "$date" : "2014-09-21T15:11:27.776+0800" }, "gmtUpdated" : { "$date" : "2014-09-21T15:11:27.776+0800" }, "deleted" : false, "company" : { "$oid" : "541e7a1ff2189a660370129a" }, "createdBy" : { "$oid" : "541964dc45ef7f7e75f914e0" }, "gmtDeleted" : { "$date" : "2014-09-21T15:11:27.776+0800" }, "isDeleted" : false, "currentBalance" : 0, "initialBalance" : 0, "name" : "ROOT_ACCOUNT", "__v" : 0 }
{ "_id" : { "$oid" : "541e7a1ff2189a66037012cd" }, "gmtCreated" : { "$date" : "2014-09-21T15:11:27.781+0800" }, "gmtUpdated" : { "$date" : "2014-09-21T15:11:27.781+0800" }, "deleted" : false, "parentId" : { "$oid" : "541e7a1ff2189a66037012cb" }, "company" : { "$oid" : "541e7a1ff2189a660370129a" }, "createdBy" : { "$oid" : "541964dc45ef7f7e75f914e0" }, "gmtDeleted" : { "$date" : "2014-09-21T15:11:27.779+0800" }, "isDeleted" : false, "currentBalance" : 0, "initialBalance" : 0, "name" : "现金账户", "__v" : 0 }
{ "_id" : { "$oid" : "541e7a1ff2189a66037012ce" }, "gmtCreated" : { "$date" : "2014-09-21T15:11:27.782+0800" }, "gmtUpdated" : { "$date" : "2014-09-21T15:11:27.782+0800" }, "deleted" : false, "parentId" : { "$oid" : "541e7a1ff2189a66037012cb" }, "company" : { "$oid" : "541e7a1ff2189a660370129a" }, "createdBy" : { "$oid" : "541964dc45ef7f7e75f914e0" }, "gmtDeleted" : { "$date" : "2014-09-21T15:11:27.779+0800" }, "isDeleted" : false, "currentBalance" : 0, "initialBalance" : 0, "name" : "银行账户", "__v" : 0 }
{ "_id" : { "$oid" : "541e7a1ff2189a66037012cf" }, "gmtCreated" : { "$date" : "2014-09-21T15:11:27.784+0800" }, "gmtUpdated" : { "$date" : "2014-09-21T15:11:27.784+0800" }, "deleted" : false, "parentId" : { "$oid" : "541e7a1ff2189a66037012cb" }, "company" : { "$oid" : "541e7a1ff2189a660370129a" }, "createdBy" : { "$oid" : "541964dc45ef7f7e75f914e0" }, "gmtDeleted" : { "$date" : "2014-09-21T15:11:27.779+0800" }, "isDeleted" : false, "currentBalance" : 0, "initialBalance" : 0, "name" : "网络账户", "__v" : 0 }
{ "_id" : { "$oid" : "541e7a1ff2189a66037012d2" }, "gmtCreated" : { "$date" : "2014-09-21T15:11:27.791+0800" }, "gmtUpdated" : { "$date" : "2014-09-21T15:11:27.791+0800" }, "deleted" : false, "parentId" : { "$oid" : "541e7a1ff2189a66037012ce" }, "company" : { "$oid" : "541e7a1ff2189a660370129a" }, "createdBy" : { "$oid" : "541964dc45ef7f7e75f914e0" }, "gmtDeleted" : { "$date" : "2014-09-21T15:11:27.784+0800" }, "isDeleted" : false, "currentBalance" : 0, "initialBalance" : 0, "name" : "招商银行", "__v" : 0 }
{ "_id" : { "$oid" : "541e7a1ff2189a66037012d3" }, "gmtCreated" : { "$date" : "2014-09-21T15:11:27.794+0800" }, "gmtUpdated" : { "$date" : "2014-09-21T15:11:27.794+0800" }, "deleted" : false, "parentId" : { "$oid" : "541e7a1ff2189a66037012ce" }, "company" : { "$oid" : "541e7a1ff2189a660370129a" }, "createdBy" : { "$oid" : "541964dc45ef7f7e75f914e0" }, "gmtDeleted" : { "$date" : "2014-09-21T15:11:27.784+0800" }, "isDeleted" : false, "currentBalance" : 0, "initialBalance" : 0, "name" : "工商银行", "__v" : 0 }
{ "_id" : { "$oid" : "541e7a1ff2189a66037012d4" }, "gmtCreated" : { "$date" : "2014-09-21T15:11:27.791+0800" }, "gmtUpdated" : { "$date" : "2014-09-21T15:11:27.791+0800" }, "deleted" : false, "parentId" : { "$oid" : "541e7a1ff2189a66037012ce" }, "company" : { "$oid" : "541e7a1ff2189a660370129a" }, "createdBy" : { "$oid" : "541964dc45ef7f7e75f914e0" }, "gmtDeleted" : { "$date" : "2014-09-21T15:11:27.786+0800" }, "isDeleted" : false, "currentBalance" : 0, "initialBalance" : 0, "name" : "建设银行", "__v" : 0 }
{ "_id" : { "$oid" : "541e7a1ff2189a66037012d5" }, "gmtCreated" : { "$date" : "2014-09-21T15:11:27.795+0800" }, "gmtUpdated" : { "$date" : "2014-09-21T15:11:27.795+0800" }, "deleted" : false, "parentId" : { "$oid" : "541e7a1ff2189a66037012ce" }, "company" : { "$oid" : "541e7a1ff2189a660370129a" }, "createdBy" : { "$oid" : "541964dc45ef7f7e75f914e0" }, "gmtDeleted" : { "$date" : "2014-09-21T15:11:27.786+0800" }, "isDeleted" : false, "currentBalance" : 0, "initialBalance" : 0, "name" : "中国银行", "__v" : 0 }
{ "_id" : { "$oid" : "541e7a1ff2189a66037012d7" }, "gmtCreated" : { "$date" : "2014-09-21T15:11:27.796+0800" }, "gmtUpdated" : { "$date" : "2014-09-21T15:11:27.796+0800" }, "deleted" : false, "parentId" : { "$oid" : "541e7a1ff2189a66037012cf" }, "company" : { "$oid" : "541e7a1ff2189a660370129a" }, "createdBy" : { "$oid" : "541964dc45ef7f7e75f914e0" }, "gmtDeleted" : { "$date" : "2014-09-21T15:11:27.789+0800" }, "isDeleted" : false, "currentBalance" : 0, "initialBalance" : 0, "name" : "支付宝", "__v" : 0 }
{ "_id" : { "$oid" : "541e7a1ff2189a66037012d8" }, "gmtCreated" : { "$date" : "2014-09-21T15:11:27.793+0800" }, "gmtUpdated" : { "$date" : "2014-09-21T15:11:27.793+0800" }, "deleted" : false, "parentId" : { "$oid" : "541e7a1ff2189a66037012cf" }, "company" : { "$oid" : "541e7a1ff2189a660370129a" }, "createdBy" : { "$oid" : "541964dc45ef7f7e75f914e0" }, "gmtDeleted" : { "$date" : "2014-09-21T15:11:27.789+0800" }, "isDeleted" : false, "currentBalance" : 0, "initialBalance" : 0, "name" : "财付通", "__v" : 0 }
