{ "_id" : { "$oid" : "541964dc45ef7f7e75f914e5" }, "gmtCreated" : { "$date" : "2014-09-17T18:39:24.961+0800" }, "gmtUpdated" : { "$date" : "2014-09-17T18:39:24.961+0800" }, "deleted" : false, "company" : { "$oid" : "541964dc45ef7f7e75f914e2" }, "createdBy" : { "$oid" : "541964dc45ef7f7e75f914e0" }, "gmtDeleted" : { "$date" : "2014-09-17T18:39:24.960+0800" }, "isDeleted" : false, "name" : "ROOT_CATEGORY", "__v" : 0 }
{ "_id" : { "$oid" : "541964dc45ef7f7e75f914e7" }, "gmtCreated" : { "$date" : "2014-09-17T18:39:24.978+0800" }, "gmtUpdated" : { "$date" : "2014-09-17T18:39:24.978+0800" }, "deleted" : false, "parentId" : { "$oid" : "541964dc45ef7f7e75f914e5" }, "company" : { "$oid" : "541964dc45ef7f7e75f914e2" }, "createdBy" : { "$oid" : "541964dc45ef7f7e75f914e0" }, "symbolic" : -1, "gmtDeleted" : { "$date" : "2014-09-17T18:39:24.962+0800" }, "isDeleted" : false, "name" : "支出", "__v" : 0 }
{ "_id" : { "$oid" : "541964dc45ef7f7e75f914e8" }, "gmtCreated" : { "$date" : "2014-09-17T18:39:24.998+0800" }, "gmtUpdated" : { "$date" : "2014-09-17T18:39:24.998+0800" }, "deleted" : false, "parentId" : { "$oid" : "541964dc45ef7f7e75f914e5" }, "company" : { "$oid" : "541964dc45ef7f7e75f914e2" }, "createdBy" : { "$oid" : "541964dc45ef7f7e75f914e0" }, "symbolic" : 1, "gmtDeleted" : { "$date" : "2014-09-17T18:39:24.963+0800" }, "isDeleted" : false, "name" : "收入", "__v" : 0 }
{ "_id" : { "$oid" : "541964dc45ef7f7e75f914e9" }, "gmtCreated" : { "$date" : "2014-09-17T18:39:25.007+0800" }, "gmtUpdated" : { "$date" : "2014-09-17T18:39:25.007+0800" }, "deleted" : false, "parentId" : { "$oid" : "541964dc45ef7f7e75f914e5" }, "company" : { "$oid" : "541964dc45ef7f7e75f914e2" }, "createdBy" : { "$oid" : "541964dc45ef7f7e75f914e0" }, "gmtDeleted" : { "$date" : "2014-09-17T18:39:24.964+0800" }, "isDeleted" : false, "name" : "借贷", "__v" : 0 }
{ "_id" : { "$oid" : "541964dc45ef7f7e75f914ea" }, "gmtCreated" : { "$date" : "2014-09-17T18:39:25.029+0800" }, "gmtUpdated" : { "$date" : "2014-09-17T18:39:25.029+0800" }, "deleted" : false, "parentId" : { "$oid" : "541964dc45ef7f7e75f914e5" }, "company" : { "$oid" : "541964dc45ef7f7e75f914e2" }, "createdBy" : { "$oid" : "541964dc45ef7f7e75f914e0" }, "symbolic" : 0, "gmtDeleted" : { "$date" : "2014-09-17T18:39:24.964+0800" }, "isDeleted" : false, "name" : "转账", "__v" : 0 }
{ "_id" : { "$oid" : "541964dc45ef7f7e75f914eb" }, "gmtCreated" : { "$date" : "2014-09-17T18:39:24.973+0800" }, "gmtUpdated" : { "$date" : "2014-09-17T18:39:24.973+0800" }, "deleted" : false, "parentId" : { "$oid" : "541964dc45ef7f7e75f914e5" }, "company" : { "$oid" : "541964dc45ef7f7e75f914e2" }, "createdBy" : { "$oid" : "541964dc45ef7f7e75f914e0" }, "symbolic" : 1, "gmtDeleted" : { "$date" : "2014-09-17T18:39:24.965+0800" }, "isDeleted" : false, "name" : "股东注资", "__v" : 0 }
{ "_id" : { "$oid" : "541964dc45ef7f7e75f914ee" }, "gmtCreated" : { "$date" : "2014-09-17T18:39:25.036+0800" }, "gmtUpdated" : { "$date" : "2014-09-17T18:39:25.036+0800" }, "deleted" : false, "parentId" : { "$oid" : "541964dc45ef7f7e75f914e7" }, "company" : { "$oid" : "541964dc45ef7f7e75f914e2" }, "createdBy" : { "$oid" : "541964dc45ef7f7e75f914e0" }, "symbolic" : -1, "gmtDeleted" : { "$date" : "2014-09-17T18:39:24.979+0800" }, "isDeleted" : false, "name" : "工资", "__v" : 0 }
{ "_id" : { "$oid" : "541964dc45ef7f7e75f914ef" }, "gmtCreated" : { "$date" : "2014-09-17T18:39:25.056+0800" }, "gmtUpdated" : { "$date" : "2014-09-17T18:39:25.056+0800" }, "deleted" : false, "parentId" : { "$oid" : "541964dc45ef7f7e75f914e7" }, "company" : { "$oid" : "541964dc45ef7f7e75f914e2" }, "createdBy" : { "$oid" : "541964dc45ef7f7e75f914e0" }, "symbolic" : -1, "gmtDeleted" : { "$date" : "2014-09-17T18:39:24.980+0800" }, "isDeleted" : false, "name" : "办公室租金", "__v" : 0 }
{ "_id" : { "$oid" : "541964dc45ef7f7e75f914f0" }, "gmtCreated" : { "$date" : "2014-09-17T18:39:25.063+0800" }, "gmtUpdated" : { "$date" : "2014-09-17T18:39:25.063+0800" }, "deleted" : false, "parentId" : { "$oid" : "541964dc45ef7f7e75f914e7" }, "company" : { "$oid" : "541964dc45ef7f7e75f914e2" }, "createdBy" : { "$oid" : "541964dc45ef7f7e75f914e0" }, "symbolic" : -1, "gmtDeleted" : { "$date" : "2014-09-17T18:39:24.980+0800" }, "isDeleted" : false, "name" : "服务器费用", "__v" : 0 }
{ "_id" : { "$oid" : "541964dc45ef7f7e75f914f1" }, "gmtCreated" : { "$date" : "2014-09-17T18:39:25.074+0800" }, "gmtUpdated" : { "$date" : "2014-09-17T18:39:25.074+0800" }, "deleted" : false, "parentId" : { "$oid" : "541964dc45ef7f7e75f914e7" }, "company" : { "$oid" : "541964dc45ef7f7e75f914e2" }, "createdBy" : { "$oid" : "541964dc45ef7f7e75f914e0" }, "symbolic" : -1, "gmtDeleted" : { "$date" : "2014-09-17T18:39:24.982+0800" }, "isDeleted" : false, "name" : "宽带费用", "__v" : 0 }
{ "_id" : { "$oid" : "541964dc45ef7f7e75f914f2" }, "gmtCreated" : { "$date" : "2014-09-17T18:39:25.033+0800" }, "gmtUpdated" : { "$date" : "2014-09-17T18:39:25.033+0800" }, "deleted" : false, "parentId" : { "$oid" : "541964dc45ef7f7e75f914e7" }, "company" : { "$oid" : "541964dc45ef7f7e75f914e2" }, "createdBy" : { "$oid" : "541964dc45ef7f7e75f914e0" }, "symbolic" : -1, "gmtDeleted" : { "$date" : "2014-09-17T18:39:24.982+0800" }, "isDeleted" : false, "name" : "交通费", "__v" : 0 }
{ "_id" : { "$oid" : "541964dc45ef7f7e75f914f3" }, "gmtCreated" : { "$date" : "2014-09-17T18:39:25.037+0800" }, "gmtUpdated" : { "$date" : "2014-09-17T18:39:25.037+0800" }, "deleted" : false, "parentId" : { "$oid" : "541964dc45ef7f7e75f914e7" }, "company" : { "$oid" : "541964dc45ef7f7e75f914e2" }, "createdBy" : { "$oid" : "541964dc45ef7f7e75f914e0" }, "symbolic" : -1, "gmtDeleted" : { "$date" : "2014-09-17T18:39:24.983+0800" }, "isDeleted" : false, "name" : "差旅费", "__v" : 0 }
{ "_id" : { "$oid" : "541964dc45ef7f7e75f914f4" }, "gmtCreated" : { "$date" : "2014-09-17T18:39:25.058+0800" }, "gmtUpdated" : { "$date" : "2014-09-17T18:39:25.058+0800" }, "deleted" : false, "parentId" : { "$oid" : "541964dc45ef7f7e75f914e7" }, "company" : { "$oid" : "541964dc45ef7f7e75f914e2" }, "createdBy" : { "$oid" : "541964dc45ef7f7e75f914e0" }, "symbolic" : -1, "gmtDeleted" : { "$date" : "2014-09-17T18:39:24.983+0800" }, "isDeleted" : false, "name" : "业务招待费", "__v" : 0 }
{ "_id" : { "$oid" : "541964dc45ef7f7e75f914f5" }, "gmtCreated" : { "$date" : "2014-09-17T18:39:25.065+0800" }, "gmtUpdated" : { "$date" : "2014-09-17T18:39:25.065+0800" }, "deleted" : false, "parentId" : { "$oid" : "541964dc45ef7f7e75f914e7" }, "company" : { "$oid" : "541964dc45ef7f7e75f914e2" }, "createdBy" : { "$oid" : "541964dc45ef7f7e75f914e0" }, "symbolic" : -1, "gmtDeleted" : { "$date" : "2014-09-17T18:39:24.984+0800" }, "isDeleted" : false, "name" : "办公室设备", "__v" : 0 }
{ "_id" : { "$oid" : "541964dc45ef7f7e75f914f6" }, "gmtCreated" : { "$date" : "2014-09-17T18:39:25.078+0800" }, "gmtUpdated" : { "$date" : "2014-09-17T18:39:25.078+0800" }, "deleted" : false, "parentId" : { "$oid" : "541964dc45ef7f7e75f914e7" }, "company" : { "$oid" : "541964dc45ef7f7e75f914e2" }, "createdBy" : { "$oid" : "541964dc45ef7f7e75f914e0" }, "symbolic" : -1, "gmtDeleted" : { "$date" : "2014-09-17T18:39:24.985+0800" }, "isDeleted" : false, "name" : "其他支出", "__v" : 0 }
{ "_id" : { "$oid" : "541964dd45ef7f7e75f914f8" }, "gmtCreated" : { "$date" : "2014-09-17T18:39:25.062+0800" }, "gmtUpdated" : { "$date" : "2014-09-17T18:39:25.062+0800" }, "deleted" : false, "parentId" : { "$oid" : "541964dc45ef7f7e75f914e8" }, "company" : { "$oid" : "541964dc45ef7f7e75f914e2" }, "createdBy" : { "$oid" : "541964dc45ef7f7e75f914e0" }, "symbolic" : 1, "gmtDeleted" : { "$date" : "2014-09-17T18:39:25.000+0800" }, "isDeleted" : false, "name" : "广告收入", "__v" : 0 }
{ "_id" : { "$oid" : "541964dd45ef7f7e75f914f9" }, "gmtCreated" : { "$date" : "2014-09-17T18:39:25.069+0800" }, "gmtUpdated" : { "$date" : "2014-09-17T18:39:25.069+0800" }, "deleted" : false, "parentId" : { "$oid" : "541964dc45ef7f7e75f914e8" }, "company" : { "$oid" : "541964dc45ef7f7e75f914e2" }, "createdBy" : { "$oid" : "541964dc45ef7f7e75f914e0" }, "symbolic" : 1, "gmtDeleted" : { "$date" : "2014-09-17T18:39:25.001+0800" }, "isDeleted" : false, "name" : "商品销售收入", "__v" : 0 }
{ "_id" : { "$oid" : "541964dd45ef7f7e75f914fa" }, "gmtCreated" : { "$date" : "2014-09-17T18:39:25.084+0800" }, "gmtUpdated" : { "$date" : "2014-09-17T18:39:25.084+0800" }, "deleted" : false, "parentId" : { "$oid" : "541964dc45ef7f7e75f914e8" }, "company" : { "$oid" : "541964dc45ef7f7e75f914e2" }, "createdBy" : { "$oid" : "541964dc45ef7f7e75f914e0" }, "symbolic" : 1, "gmtDeleted" : { "$date" : "2014-09-17T18:39:25.001+0800" }, "isDeleted" : false, "name" : "服务费收入", "__v" : 0 }
{ "_id" : { "$oid" : "541964dd45ef7f7e75f914fb" }, "gmtCreated" : { "$date" : "2014-09-17T18:39:25.089+0800" }, "gmtUpdated" : { "$date" : "2014-09-17T18:39:25.089+0800" }, "deleted" : false, "parentId" : { "$oid" : "541964dc45ef7f7e75f914e8" }, "company" : { "$oid" : "541964dc45ef7f7e75f914e2" }, "createdBy" : { "$oid" : "541964dc45ef7f7e75f914e0" }, "symbolic" : 1, "gmtDeleted" : { "$date" : "2014-09-17T18:39:25.001+0800" }, "isDeleted" : false, "name" : "其他收入", "__v" : 0 }
{ "_id" : { "$oid" : "541964dd45ef7f7e75f914fd" }, "gmtCreated" : { "$date" : "2014-09-17T18:39:25.101+0800" }, "gmtUpdated" : { "$date" : "2014-09-17T18:39:25.101+0800" }, "deleted" : false, "parentId" : { "$oid" : "541964dc45ef7f7e75f914e9" }, "company" : { "$oid" : "541964dc45ef7f7e75f914e2" }, "createdBy" : { "$oid" : "541964dc45ef7f7e75f914e0" }, "symbolic" : 1, "gmtDeleted" : { "$date" : "2014-09-17T18:39:25.011+0800" }, "isDeleted" : false, "name" : "借入", "__v" : 0 }
{ "_id" : { "$oid" : "541964dd45ef7f7e75f914fe" }, "gmtCreated" : { "$date" : "2014-09-17T18:39:25.107+0800" }, "gmtUpdated" : { "$date" : "2014-09-17T18:39:25.107+0800" }, "deleted" : false, "parentId" : { "$oid" : "541964dc45ef7f7e75f914e9" }, "company" : { "$oid" : "541964dc45ef7f7e75f914e2" }, "createdBy" : { "$oid" : "541964dc45ef7f7e75f914e0" }, "symbolic" : -1, "gmtDeleted" : { "$date" : "2014-09-17T18:39:25.011+0800" }, "isDeleted" : false, "name" : "借出", "__v" : 0 }
{ "_id" : { "$oid" : "541964dd45ef7f7e75f914ff" }, "gmtCreated" : { "$date" : "2014-09-17T18:39:25.096+0800" }, "gmtUpdated" : { "$date" : "2014-09-17T18:39:25.096+0800" }, "deleted" : false, "parentId" : { "$oid" : "541964dc45ef7f7e75f914e9" }, "company" : { "$oid" : "541964dc45ef7f7e75f914e2" }, "createdBy" : { "$oid" : "541964dc45ef7f7e75f914e0" }, "symbolic" : 1, "gmtDeleted" : { "$date" : "2014-09-17T18:39:25.011+0800" }, "isDeleted" : false, "name" : "收款", "__v" : 0 }
{ "_id" : { "$oid" : "541964dd45ef7f7e75f91500" }, "gmtCreated" : { "$date" : "2014-09-17T18:39:25.108+0800" }, "gmtUpdated" : { "$date" : "2014-09-17T18:39:25.108+0800" }, "deleted" : false, "parentId" : { "$oid" : "541964dc45ef7f7e75f914e9" }, "company" : { "$oid" : "541964dc45ef7f7e75f914e2" }, "createdBy" : { "$oid" : "541964dc45ef7f7e75f914e0" }, "symbolic" : -1, "gmtDeleted" : { "$date" : "2014-09-17T18:39:25.011+0800" }, "isDeleted" : false, "name" : "还款", "__v" : 0 }
{ "_id" : { "$oid" : "541e7a1ff2189a660370129d" }, "gmtCreated" : { "$date" : "2014-09-21T15:11:27.709+0800" }, "gmtUpdated" : { "$date" : "2014-09-21T15:11:27.709+0800" }, "deleted" : false, "company" : { "$oid" : "541e7a1ff2189a660370129a" }, "createdBy" : { "$oid" : "541964dc45ef7f7e75f914e0" }, "gmtDeleted" : { "$date" : "2014-09-21T15:11:27.708+0800" }, "isDeleted" : false, "name" : "ROOT_CATEGORY", "__v" : 0 }
{ "_id" : { "$oid" : "541e7a1ff2189a660370129f" }, "gmtCreated" : { "$date" : "2014-09-21T15:11:27.718+0800" }, "gmtUpdated" : { "$date" : "2014-09-21T15:11:27.718+0800" }, "deleted" : false, "parentId" : { "$oid" : "541e7a1ff2189a660370129d" }, "company" : { "$oid" : "541e7a1ff2189a660370129a" }, "createdBy" : { "$oid" : "541964dc45ef7f7e75f914e0" }, "symbolic" : -1, "gmtDeleted" : { "$date" : "2014-09-21T15:11:27.711+0800" }, "isDeleted" : false, "name" : "支出", "__v" : 0 }
{ "_id" : { "$oid" : "541e7a1ff2189a66037012a0" }, "gmtCreated" : { "$date" : "2014-09-21T15:11:27.726+0800" }, "gmtUpdated" : { "$date" : "2014-09-21T15:11:27.726+0800" }, "deleted" : false, "parentId" : { "$oid" : "541e7a1ff2189a660370129d" }, "company" : { "$oid" : "541e7a1ff2189a660370129a" }, "createdBy" : { "$oid" : "541964dc45ef7f7e75f914e0" }, "symbolic" : 1, "gmtDeleted" : { "$date" : "2014-09-21T15:11:27.712+0800" }, "isDeleted" : false, "name" : "收入", "__v" : 0 }
{ "_id" : { "$oid" : "541e7a1ff2189a66037012a1" }, "gmtCreated" : { "$date" : "2014-09-21T15:11:27.729+0800" }, "gmtUpdated" : { "$date" : "2014-09-21T15:11:27.729+0800" }, "deleted" : false, "parentId" : { "$oid" : "541e7a1ff2189a660370129d" }, "company" : { "$oid" : "541e7a1ff2189a660370129a" }, "createdBy" : { "$oid" : "541964dc45ef7f7e75f914e0" }, "gmtDeleted" : { "$date" : "2014-09-21T15:11:27.712+0800" }, "isDeleted" : false, "name" : "借贷", "__v" : 0 }
{ "_id" : { "$oid" : "541e7a1ff2189a66037012a2" }, "gmtCreated" : { "$date" : "2014-09-21T15:11:27.733+0800" }, "gmtUpdated" : { "$date" : "2014-09-21T15:11:27.733+0800" }, "deleted" : false, "parentId" : { "$oid" : "541e7a1ff2189a660370129d" }, "company" : { "$oid" : "541e7a1ff2189a660370129a" }, "createdBy" : { "$oid" : "541964dc45ef7f7e75f914e0" }, "symbolic" : 0, "gmtDeleted" : { "$date" : "2014-09-21T15:11:27.713+0800" }, "isDeleted" : false, "name" : "转账", "__v" : 0 }
{ "_id" : { "$oid" : "541e7a1ff2189a66037012a3" }, "gmtCreated" : { "$date" : "2014-09-21T15:11:27.717+0800" }, "gmtUpdated" : { "$date" : "2014-09-21T15:11:27.717+0800" }, "deleted" : false, "parentId" : { "$oid" : "541e7a1ff2189a660370129d" }, "company" : { "$oid" : "541e7a1ff2189a660370129a" }, "createdBy" : { "$oid" : "541964dc45ef7f7e75f914e0" }, "symbolic" : 1, "gmtDeleted" : { "$date" : "2014-09-21T15:11:27.713+0800" }, "isDeleted" : false, "name" : "注资", "__v" : 0 }
{ "_id" : { "$oid" : "541e7a1ff2189a66037012a6" }, "gmtCreated" : { "$date" : "2014-09-21T15:11:27.742+0800" }, "gmtUpdated" : { "$date" : "2014-09-21T15:11:27.742+0800" }, "deleted" : false, "parentId" : { "$oid" : "541e7a1ff2189a660370129f" }, "company" : { "$oid" : "541e7a1ff2189a660370129a" }, "createdBy" : { "$oid" : "541964dc45ef7f7e75f914e0" }, "symbolic" : -1, "gmtDeleted" : { "$date" : "2014-09-21T15:11:27.721+0800" }, "isDeleted" : false, "name" : "工资", "__v" : 0 }
{ "_id" : { "$oid" : "541e7a1ff2189a66037012a7" }, "gmtCreated" : { "$date" : "2014-09-21T15:11:27.759+0800" }, "gmtUpdated" : { "$date" : "2014-09-21T15:11:27.759+0800" }, "deleted" : false, "parentId" : { "$oid" : "541e7a1ff2189a660370129f" }, "company" : { "$oid" : "541e7a1ff2189a660370129a" }, "createdBy" : { "$oid" : "541964dc45ef7f7e75f914e0" }, "symbolic" : -1, "gmtDeleted" : { "$date" : "2014-09-21T15:11:27.721+0800" }, "isDeleted" : false, "name" : "办公室租金", "__v" : 0 }
{ "_id" : { "$oid" : "541e7a1ff2189a66037012a8" }, "gmtCreated" : { "$date" : "2014-09-21T15:11:27.734+0800" }, "gmtUpdated" : { "$date" : "2014-09-21T15:11:27.734+0800" }, "deleted" : false, "parentId" : { "$oid" : "541e7a1ff2189a660370129f" }, "company" : { "$oid" : "541e7a1ff2189a660370129a" }, "createdBy" : { "$oid" : "541964dc45ef7f7e75f914e0" }, "symbolic" : -1, "gmtDeleted" : { "$date" : "2014-09-21T15:11:27.721+0800" }, "isDeleted" : false, "name" : "服务器费用", "__v" : 0 }
{ "_id" : { "$oid" : "541e7a1ff2189a66037012a9" }, "gmtCreated" : { "$date" : "2014-09-21T15:11:27.762+0800" }, "gmtUpdated" : { "$date" : "2014-09-21T15:11:27.762+0800" }, "deleted" : false, "parentId" : { "$oid" : "541e7a1ff2189a660370129f" }, "company" : { "$oid" : "541e7a1ff2189a660370129a" }, "createdBy" : { "$oid" : "541964dc45ef7f7e75f914e0" }, "symbolic" : -1, "gmtDeleted" : { "$date" : "2014-09-21T15:11:27.721+0800" }, "isDeleted" : false, "name" : "宽带费用", "__v" : 0 }
{ "_id" : { "$oid" : "541e7a1ff2189a66037012aa" }, "gmtCreated" : { "$date" : "2014-09-21T15:11:27.742+0800" }, "gmtUpdated" : { "$date" : "2014-09-21T15:11:27.742+0800" }, "deleted" : false, "parentId" : { "$oid" : "541e7a1ff2189a660370129f" }, "company" : { "$oid" : "541e7a1ff2189a660370129a" }, "createdBy" : { "$oid" : "541964dc45ef7f7e75f914e0" }, "symbolic" : -1, "gmtDeleted" : { "$date" : "2014-09-21T15:11:27.721+0800" }, "isDeleted" : false, "name" : "交通费", "__v" : 0 }
{ "_id" : { "$oid" : "541e7a1ff2189a66037012ab" }, "gmtCreated" : { "$date" : "2014-09-21T15:11:27.757+0800" }, "gmtUpdated" : { "$date" : "2014-09-21T15:11:27.757+0800" }, "deleted" : false, "parentId" : { "$oid" : "541e7a1ff2189a660370129f" }, "company" : { "$oid" : "541e7a1ff2189a660370129a" }, "createdBy" : { "$oid" : "541964dc45ef7f7e75f914e0" }, "symbolic" : -1, "gmtDeleted" : { "$date" : "2014-09-21T15:11:27.721+0800" }, "isDeleted" : false, "name" : "差旅费", "__v" : 0 }
{ "_id" : { "$oid" : "541e7a1ff2189a66037012ac" }, "gmtCreated" : { "$date" : "2014-09-21T15:11:27.760+0800" }, "gmtUpdated" : { "$date" : "2014-09-21T15:11:27.760+0800" }, "deleted" : false, "parentId" : { "$oid" : "541e7a1ff2189a660370129f" }, "company" : { "$oid" : "541e7a1ff2189a660370129a" }, "createdBy" : { "$oid" : "541964dc45ef7f7e75f914e0" }, "symbolic" : -1, "gmtDeleted" : { "$date" : "2014-09-21T15:11:27.722+0800" }, "isDeleted" : false, "name" : "业务招待费", "__v" : 0 }
{ "_id" : { "$oid" : "541e7a1ff2189a66037012ad" }, "gmtCreated" : { "$date" : "2014-09-21T15:11:27.735+0800" }, "gmtUpdated" : { "$date" : "2014-09-21T15:11:27.735+0800" }, "deleted" : false, "parentId" : { "$oid" : "541e7a1ff2189a660370129f" }, "company" : { "$oid" : "541e7a1ff2189a660370129a" }, "createdBy" : { "$oid" : "541964dc45ef7f7e75f914e0" }, "symbolic" : -1, "gmtDeleted" : { "$date" : "2014-09-21T15:11:27.722+0800" }, "isDeleted" : false, "name" : "办公室设备", "__v" : 0 }
{ "_id" : { "$oid" : "541e7a1ff2189a66037012ae" }, "gmtCreated" : { "$date" : "2014-09-21T15:11:27.763+0800" }, "gmtUpdated" : { "$date" : "2014-09-21T15:11:27.763+0800" }, "deleted" : false, "parentId" : { "$oid" : "541e7a1ff2189a660370129f" }, "company" : { "$oid" : "541e7a1ff2189a660370129a" }, "createdBy" : { "$oid" : "541964dc45ef7f7e75f914e0" }, "symbolic" : -1, "gmtDeleted" : { "$date" : "2014-09-21T15:11:27.723+0800" }, "isDeleted" : false, "name" : "其他支出", "__v" : 0 }
{ "_id" : { "$oid" : "541e7a1ff2189a66037012b0" }, "gmtCreated" : { "$date" : "2014-09-21T15:11:27.761+0800" }, "gmtUpdated" : { "$date" : "2014-09-21T15:11:27.761+0800" }, "deleted" : false, "parentId" : { "$oid" : "541e7a1ff2189a66037012a0" }, "company" : { "$oid" : "541e7a1ff2189a660370129a" }, "createdBy" : { "$oid" : "541964dc45ef7f7e75f914e0" }, "symbolic" : 1, "gmtDeleted" : { "$date" : "2014-09-21T15:11:27.727+0800" }, "isDeleted" : false, "name" : "广告收入", "__v" : 0 }
{ "_id" : { "$oid" : "541e7a1ff2189a66037012b1" }, "gmtCreated" : { "$date" : "2014-09-21T15:11:27.766+0800" }, "gmtUpdated" : { "$date" : "2014-09-21T15:11:27.766+0800" }, "deleted" : false, "parentId" : { "$oid" : "541e7a1ff2189a66037012a0" }, "company" : { "$oid" : "541e7a1ff2189a660370129a" }, "createdBy" : { "$oid" : "541964dc45ef7f7e75f914e0" }, "symbolic" : 1, "gmtDeleted" : { "$date" : "2014-09-21T15:11:27.727+0800" }, "isDeleted" : false, "name" : "商品销售收入", "__v" : 0 }
{ "_id" : { "$oid" : "541e7a1ff2189a66037012b2" }, "gmtCreated" : { "$date" : "2014-09-21T15:11:27.765+0800" }, "gmtUpdated" : { "$date" : "2014-09-21T15:11:27.765+0800" }, "deleted" : false, "parentId" : { "$oid" : "541e7a1ff2189a66037012a0" }, "company" : { "$oid" : "541e7a1ff2189a660370129a" }, "createdBy" : { "$oid" : "541964dc45ef7f7e75f914e0" }, "symbolic" : 1, "gmtDeleted" : { "$date" : "2014-09-21T15:11:27.727+0800" }, "isDeleted" : false, "name" : "服务费收入", "__v" : 0 }
{ "_id" : { "$oid" : "541e7a1ff2189a66037012b3" }, "gmtCreated" : { "$date" : "2014-09-21T15:11:27.768+0800" }, "gmtUpdated" : { "$date" : "2014-09-21T15:11:27.768+0800" }, "deleted" : false, "parentId" : { "$oid" : "541e7a1ff2189a66037012a0" }, "company" : { "$oid" : "541e7a1ff2189a660370129a" }, "createdBy" : { "$oid" : "541964dc45ef7f7e75f914e0" }, "symbolic" : 1, "gmtDeleted" : { "$date" : "2014-09-21T15:11:27.727+0800" }, "isDeleted" : false, "name" : "其他收入", "__v" : 0 }
{ "_id" : { "$oid" : "541e7a1ff2189a66037012b5" }, "gmtCreated" : { "$date" : "2014-09-21T15:11:27.769+0800" }, "gmtUpdated" : { "$date" : "2014-09-21T15:11:27.769+0800" }, "deleted" : false, "parentId" : { "$oid" : "541e7a1ff2189a66037012a1" }, "company" : { "$oid" : "541e7a1ff2189a660370129a" }, "createdBy" : { "$oid" : "541964dc45ef7f7e75f914e0" }, "symbolic" : 1, "gmtDeleted" : { "$date" : "2014-09-21T15:11:27.731+0800" }, "isDeleted" : false, "name" : "借入", "__v" : 0 }
{ "_id" : { "$oid" : "541e7a1ff2189a66037012b6" }, "gmtCreated" : { "$date" : "2014-09-21T15:11:27.772+0800" }, "gmtUpdated" : { "$date" : "2014-09-21T15:11:27.772+0800" }, "deleted" : false, "parentId" : { "$oid" : "541e7a1ff2189a66037012a1" }, "company" : { "$oid" : "541e7a1ff2189a660370129a" }, "createdBy" : { "$oid" : "541964dc45ef7f7e75f914e0" }, "symbolic" : -1, "gmtDeleted" : { "$date" : "2014-09-21T15:11:27.731+0800" }, "isDeleted" : false, "name" : "借出", "__v" : 0 }
{ "_id" : { "$oid" : "541e7a1ff2189a66037012b7" }, "gmtCreated" : { "$date" : "2014-09-21T15:11:27.770+0800" }, "gmtUpdated" : { "$date" : "2014-09-21T15:11:27.770+0800" }, "deleted" : false, "parentId" : { "$oid" : "541e7a1ff2189a66037012a1" }, "company" : { "$oid" : "541e7a1ff2189a660370129a" }, "createdBy" : { "$oid" : "541964dc45ef7f7e75f914e0" }, "symbolic" : 1, "gmtDeleted" : { "$date" : "2014-09-21T15:11:27.731+0800" }, "isDeleted" : false, "name" : "收款", "__v" : 0 }
{ "_id" : { "$oid" : "541e7a1ff2189a66037012b8" }, "gmtCreated" : { "$date" : "2014-09-21T15:11:27.773+0800" }, "gmtUpdated" : { "$date" : "2014-09-21T15:11:27.773+0800" }, "deleted" : false, "parentId" : { "$oid" : "541e7a1ff2189a66037012a1" }, "company" : { "$oid" : "541e7a1ff2189a660370129a" }, "createdBy" : { "$oid" : "541964dc45ef7f7e75f914e0" }, "symbolic" : -1, "gmtDeleted" : { "$date" : "2014-09-21T15:11:27.731+0800" }, "isDeleted" : false, "name" : "还款", "__v" : 0 }
