{ "_id" : { "$oid" : "541964dc45ef7f7e75f914e2" }, "gmtCreated" : { "$date" : "2014-09-17T18:39:24.954+0800" }, "gmtUpdated" : { "$date" : "2014-09-17T18:39:24.954+0800" }, "deleted" : false, "name" : "dd", "owner" : { "$oid" : "541964dc45ef7f7e75f914e0" }, "invites" : [], "members" : [], "isDeleted" : false, "isEnabled" : true, "__v" : 0 }
{ "_id" : { "$oid" : "541e7a1ff2189a660370129a" }, "gmtCreated" : { "$date" : "2014-09-21T15:11:27.698+0800" }, "gmtUpdated" : { "$date" : "2014-09-21T15:11:27.698+0800" }, "deleted" : false, "name" : "test", "owner" : { "$oid" : "541964dc45ef7f7e75f914e0" }, "invites" : [], "members" : [], "isDeleted" : false, "isEnabled" : true, "__v" : 0 }
