{ "_id" : { "$oid" : "54196e258364601c7531aec7" }, "gmtCreated" : { "$date" : "2014-09-17T19:19:01.000+0800" }, "gmtUpdated" : { "$date" : "2014-09-20T21:07:56.728+0800" }, "deleted" : false, "company" : { "$oid" : "541964dc45ef7f7e75f914e2" }, "createdBy" : { "$oid" : "541964dc45ef7f7e75f914e0" }, "gmtVerified" : { "$date" : "2014-09-17T19:19:01.507+0800" }, "isDeleted" : false, "isVerified" : true, "remark" : "", "amount" : 222, "to" : [], "from" : [ { "$oid" : "541964dd45ef7f7e75f9151d" }, { "$oid" : "541964dd45ef7f7e75f91516" } ], "category" : [ { "$oid" : "541964dc45ef7f7e75f914f6" }, { "$oid" : "541964dc45ef7f7e75f914e7" } ], "__v" : 0 }
{ "_id" : { "$oid" : "541975aca274410776549a66" }, "gmtCreated" : { "$date" : "2014-09-17T19:51:08.000+0800" }, "gmtUpdated" : { "$date" : "2014-09-20T21:07:56.731+0800" }, "deleted" : false, "company" : { "$oid" : "541964dc45ef7f7e75f914e2" }, "createdBy" : { "$oid" : "541964dc45ef7f7e75f914e0" }, "gmtVerified" : { "$date" : "2014-09-17T19:51:08.752+0800" }, "isDeleted" : false, "isVerified" : true, "remark" : "", "amount" : 34, "to" : [], "from" : [ { "$oid" : "541964dd45ef7f7e75f9151d" }, { "$oid" : "541964dd45ef7f7e75f91516" } ], "category" : [ { "$oid" : "541964dc45ef7f7e75f914f2" }, { "$oid" : "541964dc45ef7f7e75f914e7" } ], "__v" : 0 }
{ "_id" : { "$oid" : "54197611a274410776549a68" }, "gmtCreated" : { "$date" : "2014-09-17T19:52:49.000+0800" }, "gmtUpdated" : { "$date" : "2014-09-20T21:07:56.732+0800" }, "deleted" : false, "company" : { "$oid" : "541964dc45ef7f7e75f914e2" }, "createdBy" : { "$oid" : "541964dc45ef7f7e75f914e0" }, "gmtVerified" : { "$date" : "2014-09-17T19:52:49.689+0800" }, "isDeleted" : false, "isVerified" : true, "remark" : "", "amount" : 123, "to" : [], "from" : [ { "$oid" : "541964dd45ef7f7e75f9151c" }, { "$oid" : "541964dd45ef7f7e75f91516" } ], "category" : [ { "$oid" : "541964dd45ef7f7e75f914fa" }, { "$oid" : "541964dc45ef7f7e75f914e8" } ], "__v" : 0 }
{ "_id" : { "$oid" : "541e7ad1f2189a66037012df" }, "gmtCreated" : { "$date" : "2014-09-21T15:14:25.839+0800" }, "gmtUpdated" : { "$date" : "2014-09-21T15:14:25.839+0800" }, "deleted" : false, "company" : { "$oid" : "541e7a1ff2189a660370129a" }, "createdBy" : { "$oid" : "541964dc45ef7f7e75f914e0" }, "gmtVerified" : { "$date" : "2014-09-21T15:14:25.838+0800" }, "isDeleted" : false, "isVerified" : true, "remark" : "1222", "amount" : 22, "to" : [], "from" : [ { "$oid" : "541e7a1ff2189a66037012cd" } ], "category" : [ { "$oid" : "541e7a1ff2189a66037012b5" }, { "$oid" : "541e7a1ff2189a66037012a1" } ], "__v" : 0 }
{ "_id" : { "$oid" : "54235657a8016d430de3654e" }, "gmtCreated" : { "$date" : "2014-09-25T07:40:07.124+0800" }, "gmtUpdated" : { "$date" : "2014-09-25T07:40:07.124+0800" }, "deleted" : false, "company" : { "$oid" : "541964dc45ef7f7e75f914e2" }, "createdBy" : { "$oid" : "541964dc45ef7f7e75f914e0" }, "gmtVerified" : { "$date" : "2014-09-25T07:40:07.121+0800" }, "isDeleted" : false, "isVerified" : true, "remark" : "", "amount" : 90, "to" : [], "from" : [ { "$oid" : "541964dd45ef7f7e75f91515" } ], "category" : [ { "$oid" : "541964dc45ef7f7e75f914ee" }, { "$oid" : "541964dc45ef7f7e75f914e7" } ], "__v" : 0 }
{ "_id" : { "$oid" : "54235691a8016d430de36550" }, "gmtCreated" : { "$date" : "2014-09-25T07:41:05.820+0800" }, "gmtUpdated" : { "$date" : "2014-09-25T07:41:05.820+0800" }, "deleted" : false, "company" : { "$oid" : "541964dc45ef7f7e75f914e2" }, "createdBy" : { "$oid" : "541964dc45ef7f7e75f914e0" }, "gmtVerified" : { "$date" : "2014-09-25T07:41:05.819+0800" }, "isDeleted" : false, "isVerified" : true, "remark" : "", "amount" : 1000, "to" : [], "from" : [ { "$oid" : "541964dd45ef7f7e75f9151f" }, { "$oid" : "541964dd45ef7f7e75f91517" } ], "category" : [ { "$oid" : "541964dd45ef7f7e75f914f8" }, { "$oid" : "541964dc45ef7f7e75f914e8" } ], "__v" : 0 }
